file_name,PA_length,PA_diameter,Node_nb,SA_nb,SA_average,SA_int,TA_nb,TA_average,TA_int,QA_nb,Sp_nb,SA,SA_length,node,TA_nb,Sp_nb,SA_int,TA,TA_length,QA_nb,Sp_nb,TA_int,QA,QA_length,Sp_nb,QA_int
CG14.1.1,18.28,0.18,12,13.0,12.01,1.52,14.0,1.08,5.41,0.0,150,SA1,7.2,1,0,4,0,NV,NV,NV,NV,NV,NV,NV,NV,NV,NV
CG14.1.1,18.28,0.18,12,13.0,12.01,1.52,14.0,1.08,5.41,0.0,150,SA2,8.43,2,0,1,2.34,NV,NV,NV,NV,NV,NV,NV,NV,NV,NV
CG14.1.1,18.28,0.18,12,13.0,12.01,1.52,14.0,1.08,5.41,0.0,150,SA3,10.2,3,0,6,0.41,NV,NV,NV,NV,NV,NV,NV,NV,NV,NV
CG14.1.1,18.28,0.18,12,13.0,12.01,1.52,14.0,1.08,5.41,0.0,150,SA4,12.28,4,1,0,1.73,SA4_TA1,1.95,0,0,4.46,NV,NV,NV,NV
CG14.1.1,18.28,0.18,12,13.0,12.01,1.52,14.0,1.08,5.41,0.0,150,SA5,11.37,5,0,4,0.62,NV,NV,NV,NV,NV,NV,NV,NV,NV,NV
CG14.1.1,18.28,0.18,12,13.0,12.01,1.52,14.0,1.08,5.41,0.0,150,SA6,14.33,6,3,0,0.68,SA6_TA1,2.09,0,0,3.92,NV,NV,NV,NV
CG14.1.1,18.28,0.18,12,13.0,12.01,1.52,14.0,1.08,5.41,0.0,150,SA6,14.33,6,3,0,0.68,SA6_TA2,1.93,0,0,5.48,NV,NV,NV,NV
CG14.1.1,18.28,0.18,12,13.0,12.01,1.52,14.0,1.08,5.41,0.0,150,SA6,14.33,6,3,0,0.68,SA6_TA3,2.02,0,0,6.85,NV,NV,NV,NV
CG14.1.1,18.28,0.18,12,13.0,12.01,1.52,14.0,1.08,5.41,0.0,150,SA7,15.27,7,0,15,3.08,NV,NV,NV,NV,NV,NV,NV,NV,NV,NV
CG14.1.1,18.28,0.18,12,13.0,12.01,1.52,14.0,1.08,5.41,0.0,150,SA8,5.84,7,0,1,0.0,NV,NV,NV,NV,NV,NV,NV,NV,NV,NV
CG14.1.1,18.28,0.18,12,13.0,12.01,1.52,14.0,1.08,5.41,0.0,150,SA9,15.7,8,2,6,1.37,SA9_TA1,1.8,0,2,4.73,NV,NV,NV,NV
CG14.1.1,18.28,0.18,12,13.0,12.01,1.52,14.0,1.08,5.41,0.0,150,SA9,15.7,8,2,6,1.37,SA9_TA2,2.25,0,7,6.07,NV,NV,NV,NV
CG14.1.1,18.28,0.18,12,13.0,12.01,1.52,14.0,1.08,5.41,0.0,150,SA10,14.17,9,0,0,3.48,NV,NV,NV,NV,NV,NV,NV,NV,NV,NV
CG14.1.1,18.28,0.18,12,13.0,12.01,1.52,14.0,1.08,5.41,0.0,150,SA11,12.36,10,3,0,0.25,SA11_TA1,1.06,0,0,3.44,NV,NV,NV,NV
CG14.1.1,18.28,0.18,12,13.0,12.01,1.52,14.0,1.08,5.41,0.0,150,SA11,12.36,10,3,0,0.25,SA11_TA2,2.82,0,0,5.26,NV,NV,NV,NV
CG14.1.1,18.28,0.18,12,13.0,12.01,1.52,14.0,1.08,5.41,0.0,150,SA11,12.36,10,3,0,0.25,SA11_TA3,2.17,0,0,6.72,NV,NV,NV,NV
CG14.1.1,18.28,0.18,12,13.0,12.01,1.52,14.0,1.08,5.41,0.0,150,SA12,14.73,11,3,6,1.74,SA12_TA1,1.44,0,0,3.3,NV,NV,NV,NV
CG14.1.1,18.28,0.18,12,13.0,12.01,1.52,14.0,1.08,5.41,0.0,150,SA12,14.73,11,3,6,1.74,SA12_TA2,2.2,0,0,4.8,NV,NV,NV,NV
CG14.1.1,18.28,0.18,12,13.0,12.01,1.52,14.0,1.08,5.41,0.0,150,SA12,14.73,11,3,6,1.74,SA12_TA3,2.36,0,0,6.57,NV,NV,NV,NV
CG14.1.1,18.28,0.18,12,13.0,12.01,1.52,14.0,1.08,5.41,0.0,150,SA13,14.24,12,2,8,2.59,SA13_TA1,3.21,0,3,3.27,NV,NV,NV,NV
CG14.1.1,18.28,0.18,12,13.0,12.01,1.52,14.0,1.08,5.41,0.0,150,SA13,14.24,12,2,8,2.59,SA13_TA2,1.89,0,0,5.42,NV,NV,NV,NV

CG14.1.2,15.37,0.32,10,11.0,11.89,1.54,5.0,0.45,4.26,0.0,117,SA1,8.52,1,0,6,0,NV,NV,NV,NV,NV,NV,NV,NV,NV,NV
CG14.1.2,15.37,0.32,10,11.0,11.89,1.54,5.0,0.45,4.26,0.0,117,SA2,11.74,2,2,6,2.74,SA2_TA1,1.01,0,1,3.14,NV,NV,NV,NV
CG14.1.2,15.37,0.32,10,11.0,11.89,1.54,5.0,0.45,4.26,0.0,117,SA2,11.74,2,2,6,2.74,SA2_TA2,1.27,0,6,4.08,NV,NV,NV,NV
CG14.1.2,15.37,0.32,10,11.0,11.89,1.54,5.0,0.45,4.26,0.0,117,SA3,10.72,3,0,8,0.33,NV,NV,NV,NV,NV,NV,NV,NV,NV,NV
CG14.1.2,15.37,0.32,10,11.0,11.89,1.54,5.0,0.45,4.26,0.0,117,SA4,11.08,4,1,19,1.86,SA4_TA1,1.05,0,0,2.17,NV,NV,NV,NV
CG14.1.2,15.37,0.32,10,11.0,11.89,1.54,5.0,0.45,4.26,0.0,117,SA5,12.36,5,0,0,0.39,NV,NV,NV,NV,NV,NV,NV,NV,NV,NV
CG14.1.2,15.37,0.32,10,11.0,11.89,1.54,5.0,0.45,4.26,0.0,117,SA6,12.96,6,0,9,1.98,NV,NV,NV,NV,NV,NV,NV,NV,NV,NV
CG14.1.2,15.37,0.32,10,11.0,11.89,1.54,5.0,0.45,4.26,0.0,117,SA7,13.06,7,0,8,2.83,NV,NV,NV,NV,NV,NV,NV,NV,NV,NV
CG14.1.2,15.37,0.32,10,11.0,11.89,1.54,5.0,0.45,4.26,0.0,117,SA8,12.67,8,0,0,0.33,NV,NV,NV,NV,NV,NV,NV,NV,NV,NV
CG14.1.2,15.37,0.32,10,11.0,11.89,1.54,5.0,0.45,4.26,0.0,117,SA9,12.84,9,0,0,2.2,NV,NV,NV,NV,NV,NV,NV,NV,NV,NV
CG14.1.2,15.37,0.32,10,11.0,11.89,1.54,5.0,0.45,4.26,0.0,117,SA10,12.64,10,2,12,2.71,SA10_TA1,1.98,0,2,3.03,NV,NV,NV,NV
CG14.1.2,15.37,0.32,10,11.0,11.89,1.54,5.0,0.45,4.26,0.0,117,SA10,12.64,10,2,12,2.71,SA10_TA2,1.98,0,2,4.64,NV,NV,NV,NV
CG14.1.2,15.37,0.32,10,11.0,11.89,1.54,5.0,0.45,4.26,0.0,117,SA11,12.21,10,0,10,0.0,NV,NV,NV,NV,NV,NV,NV,NV,NV,NV

CG14.1.3,13.01,0.18,10,11.0,12.33,1.3,12.0,1.09,4.93,0.0,95,SA1,9.67,1,0,8,0,NV,NV,NV,NV,NV,NV,NV,NV,NV,NV
CG14.1.3,13.01,0.18,10,11.0,12.33,1.3,12.0,1.09,4.93,0.0,95,SA2,10.99,2,1,8,2.2,SA2_TA1,1.87,0,2,2.92,NV,NV,NV,NV
CG14.1.3,13.01,0.18,10,11.0,12.33,1.3,12.0,1.09,4.93,0.0,95,SA3,10.66,3,0,5,1.63,NV,NV,NV,NV,NV,NV,NV,NV,NV,NV
CG14.1.3,13.01,0.18,10,11.0,12.33,1.3,12.0,1.09,4.93,0.0,95,SA4,9.62,4,0,5,0.36,NV,NV,NV,NV,NV,NV,NV,NV,NV,NV
CG14.1.3,13.01,0.18,10,11.0,12.33,1.3,12.0,1.09,4.93,0.0,95,SA5,12.27,5,2,0,0.65,SA5_TA1,1.52,0,2,4.39,NV,NV,NV,NV
CG14.1.3,13.01,0.18,10,11.0,12.33,1.3,12.0,1.09,4.93,0.0,95,SA5,12.27,5,2,0,0.65,SA5_TA2,1.34,0,0,5.59,NV,NV,NV,NV
CG14.1.3,13.01,0.18,10,11.0,12.33,1.3,12.0,1.09,4.93,0.0,95,SA6,12.66,6,2,9,2.59,SA6_TA1,1.18,0,2,4.11,NV,NV,NV,NV
CG14.1.3,13.01,0.18,10,11.0,12.33,1.3,12.0,1.09,4.93,0.0,95,SA6,12.66,6,2,9,2.59,SA6_TA2,1.53,0,0,5.81,NV,NV,NV,NV
CG14.1.3,13.01,0.18,10,11.0,12.33,1.3,12.0,1.09,4.93,0.0,95,SA7,12.59,7,2,0,0.54,SA7_TA1,1.54,0,0,4.34,NV,NV,NV,NV
CG14.1.3,13.01,0.18,10,11.0,12.33,1.3,12.0,1.09,4.93,0.0,95,SA7,12.59,7,2,0,0.54,SA7_TA2,2.02,0,1,5.91,NV,NV,NV,NV
CG14.1.3,13.01,0.18,10,11.0,12.33,1.3,12.0,1.09,4.93,0.0,95,SA8,14.1,8,1,0,2.18,SA8_TA1,1.75,0,0,4.98,NV,NV,NV,NV
CG14.1.3,13.01,0.18,10,11.0,12.33,1.3,12.0,1.09,4.93,0.0,95,SA9,13.68,9,0,0,2.43,NV,NV,NV,NV,NV,NV,NV,NV,NV,NV
CG14.1.3,13.01,0.18,10,11.0,12.33,1.3,12.0,1.09,4.93,0.0,95,SA10,15.9,10,3,0,0.44,SA10_TA1,2.4,0,2,1.64,NV,NV,NV,NV
CG14.1.3,13.01,0.18,10,11.0,12.33,1.3,12.0,1.09,4.93,0.0,95,SA10,15.9,10,3,0,0.44,SA10_TA2,2.89,0,1,3.52,NV,NV,NV,NV
CG14.1.3,13.01,0.18,10,11.0,12.33,1.3,12.0,1.09,4.93,0.0,95,SA10,15.9,10,3,0,0.44,SA10_TA3,2.03,0,2,5.63,NV,NV,NV,NV
CG14.1.3,13.01,0.18,10,11.0,12.33,1.3,12.0,1.09,4.93,0.0,95,SA11,13.54,10,1,0,0.0,SA11_TA1,2.88,0,0,5.38,NV,NV,NV,NV

CG14.10.1,8.57,0.28,9,10.0,9.34,0.95,9.0,0.9,6.15,0.0,85,SA1,7.26,1,0,2,0,NV,NV,NV,NV,NV,NV,NV,NV,NV,NV
CG14.10.1,8.57,0.28,9,10.0,9.34,0.95,9.0,0.9,6.15,0.0,85,SA2,7.14,2,0,5,2.13,NV,NV,NV,NV,NV,NV,NV,NV,NV,NV
CG14.10.1,8.57,0.28,9,10.0,9.34,0.95,9.0,0.9,6.15,0.0,85,SA3,4.94,3,0,3,0.45,NV,NV,NV,NV,NV,NV,NV,NV,NV,NV
CG14.10.1,8.57,0.28,9,10.0,9.34,0.95,9.0,0.9,6.15,0.0,85,SA4,8.25,4,0,0,1.85,NV,NV,NV,NV,NV,NV,NV,NV,NV,NV
CG14.10.1,8.57,0.28,9,10.0,9.34,0.95,9.0,0.9,6.15,0.0,85,SA5,6.91,5,0,6,0.36,NV,NV,NV,NV,NV,NV,NV,NV,NV,NV
CG14.10.1,8.57,0.28,9,10.0,9.34,0.95,9.0,0.9,6.15,0.0,85,SA6,9.82,6,2,8,0.45,SA6_TA1,1.34,0,0,4.35,NV,NV,NV,NV
CG14.10.1,8.57,0.28,9,10.0,9.34,0.95,9.0,0.9,6.15,0.0,85,SA6,9.82,6,2,8,0.45,SA6_TA2,1.46,0,2,5.3,NV,NV,NV,NV
CG14.10.1,8.57,0.28,9,10.0,9.34,0.95,9.0,0.9,6.15,0.0,85,SA7,10.65,7,0,3,1.47,NV,NV,NV,NV,NV,NV,NV,NV,NV,NV
CG14.10.1,8.57,0.28,9,10.0,9.34,0.95,9.0,0.9,6.15,0.0,85,SA8,11.37,8,2,0,1.21,SA8_TA1,3.4,0,3,5.28,NV,NV,NV,NV
CG14.10.1,8.57,0.28,9,10.0,9.34,0.95,9.0,0.9,6.15,0.0,85,SA8,11.37,8,2,0,1.21,SA8_TA2,1.69,0,2,6.41,NV,NV,NV,NV
CG14.10.1,8.57,0.28,9,10.0,9.34,0.95,9.0,0.9,6.15,0.0,85,SA9,13.54,9,3,12,0.66,SA9_TA1,1.69,0,0,3.3,NV,NV,NV,NV
CG14.10.1,8.57,0.28,9,10.0,9.34,0.95,9.0,0.9,6.15,0.0,85,SA9,13.54,9,3,12,0.66,SA9_TA2,1.1,0,1,5.07,NV,NV,NV,NV
CG14.10.1,8.57,0.28,9,10.0,9.34,0.95,9.0,0.9,6.15,0.0,85,SA9,13.54,9,3,12,0.66,SA9_TA3,2.53,0,3,6.25,NV,NV,NV,NV
CG14.10.1,8.57,0.28,9,10.0,9.34,0.95,9.0,0.9,6.15,0.0,85,SA10,13.57,9,2,1,0.0,SA10_TA1,2.73,0,2,6.01,NV,NV,NV,NV
CG14.10.1,8.57,0.28,9,10.0,9.34,0.95,9.0,0.9,6.15,0.0,85,SA10,13.57,9,2,1,0.0,SA10_TA2,1.72,0,0,7.26,NV,NV,NV,NV

CG14.10.2,15.81,0.26,10,11.0,13.17,1.58,9.0,0.82,4.88,0.0,99,SA1,11.63,1,0,5,0,NV,NV,NV,NV,NV,NV,NV,NV,NV,NV
CG14.10.2,15.81,0.26,10,11.0,13.17,1.58,9.0,0.82,4.88,0.0,99,SA2,10.85,2,0,11,3.06,NV,NV,NV,NV,NV,NV,NV,NV,NV,NV
CG14.10.2,15.81,0.26,10,11.0,13.17,1.58,9.0,0.82,4.88,0.0,99,SA3,14.67,3,1,0,0.31,SA3_TA1,1.94,0,2,6.99,NV,NV,NV,NV
CG14.10.2,15.81,0.26,10,11.0,13.17,1.58,9.0,0.82,4.88,0.0,99,SA4,11.96,4,0,1,0.34,NV,NV,NV,NV,NV,NV,NV,NV,NV,NV
CG14.10.2,15.81,0.26,10,11.0,13.17,1.58,9.0,0.82,4.88,0.0,99,SA5,15.12,5,1,16,2.35,SA5_TA1,1.62,0,0,4.51,NV,NV,NV,NV
CG14.10.2,15.81,0.26,10,11.0,13.17,1.58,9.0,0.82,4.88,0.0,99,SA6,11.61,6,0,16,1.69,NV,NV,NV,NV,NV,NV,NV,NV,NV,NV
CG14.10.2,15.81,0.26,10,11.0,13.17,1.58,9.0,0.82,4.88,0.0,99,SA7,12.73,7,1,7,0.63,SA7_TA1,1.72,0,0,5.11,NV,NV,NV,NV
CG14.10.2,15.81,0.26,10,11.0,13.17,1.58,9.0,0.82,4.88,0.0,99,SA8,14.28,8,2,5,3.84,SA8_TA1,1.5,0,0,3.28,NV,NV,NV,NV
CG14.10.2,15.81,0.26,10,11.0,13.17,1.58,9.0,0.82,4.88,0.0,99,SA8,14.28,8,2,5,3.84,SA8_TA2,1.53,0,0,5.32,NV,NV,NV,NV
CG14.10.2,15.81,0.26,10,11.0,13.17,1.58,9.0,0.82,4.88,0.0,99,SA9,13.12,9,1,7,0.74,SA9_TA1,1.81,0,0,4.28,NV,NV,NV,NV
CG14.10.2,15.81,0.26,10,11.0,13.17,1.58,9.0,0.82,4.88,0.0,99,SA10,14.81,10,2,0,2.85,SA10_TA1,2.25,0,1,2.09,NV,NV,NV,NV
CG14.10.2,15.81,0.26,10,11.0,13.17,1.58,9.0,0.82,4.88,0.0,99,SA10,14.81,10,2,0,2.85,SA10_TA2,2.11,0,2,4.35,NV,NV,NV,NV
CG14.10.2,15.81,0.26,10,11.0,13.17,1.58,9.0,0.82,4.88,0.0,99,SA11,14.08,10,1,0,0.0,SA11_TA1,1.93,0,1,3.11,NV,NV,NV,NV

CG14.10.3,18.24,0.22,12,13.0,8.92,1.52,9.0,0.69,3.64,0.0,104,SA1,6.14,1,0,0,0,NV,NV,NV,NV,NV,NV,NV,NV,NV,NV
CG14.10.3,18.24,0.22,12,13.0,8.92,1.52,9.0,0.69,3.64,0.0,104,SA2,9.07,2,1,0,1.61,SA2_TA1,1.78,0,2,3.23,NV,NV,NV,NV
CG14.10.3,18.24,0.22,12,13.0,8.92,1.52,9.0,0.69,3.64,0.0,104,SA3,8.04,3,0,0,2.13,NV,NV,NV,NV,NV,NV,NV,NV,NV,NV
CG14.10.3,18.24,0.22,12,13.0,8.92,1.52,9.0,0.69,3.64,0.0,104,SA4,11.65,4,3,8,0.48,SA4_TA1,1.67,0,0,2.27,NV,NV,NV,NV
CG14.10.3,18.24,0.22,12,13.0,8.92,1.52,9.0,0.69,3.64,0.0,104,SA4,11.65,4,3,8,0.48,SA4_TA2,1.6,0,1,3.64,NV,NV,NV,NV
CG14.10.3,18.24,0.22,12,13.0,8.92,1.52,9.0,0.69,3.64,0.0,104,SA4,11.65,4,3,8,0.48,SA4_TA3,1.99,0,0,4.78,NV,NV,NV,NV
CG14.10.3,18.24,0.22,12,13.0,8.92,1.52,9.0,0.69,3.64,0.0,104,SA5,9.06,5,0,4,0.34,NV,NV,NV,NV,NV,NV,NV,NV,NV,NV
CG14.10.3,18.24,0.22,12,13.0,8.92,1.52,9.0,0.69,3.64,0.0,104,SA6,9.97,6,0,4,2.76,NV,NV,NV,NV,NV,NV,NV,NV,NV,NV
CG14.10.3,18.24,0.22,12,13.0,8.92,1.52,9.0,0.69,3.64,0.0,104,SA7,10.75,7,2,6,0.99,SA7_TA1,1.33,0,0,3.3,NV,NV,NV,NV
CG14.10.3,18.24,0.22,12,13.0,8.92,1.52,9.0,0.69,3.64,0.0,104,SA7,10.75,7,2,6,0.99,SA7_TA2,1.52,0,0,4.46,NV,NV,NV,NV
CG14.10.3,18.24,0.22,12,13.0,8.92,1.52,9.0,0.69,3.64,0.0,104,SA8,10.48,8,2,8,1.69,SA8_TA1,2.47,0,0,2.5,NV,NV,NV,NV
CG14.10.3,18.24,0.22,12,13.0,8.92,1.52,9.0,0.69,3.64,0.0,104,SA8,10.48,8,2,8,1.69,SA8_TA2,2.04,0,0,4.19,NV,NV,NV,NV
CG14.10.3,18.24,0.22,12,13.0,8.92,1.52,9.0,0.69,3.64,0.0,104,SA9,10.55,9,0,6,3.08,NV,NV,NV,NV,NV,NV,NV,NV,NV,NV
CG14.10.3,18.24,0.22,12,13.0,8.92,1.52,9.0,0.69,3.64,0.0,104,SA10,7.93,10,0,4,2.23,NV,NV,NV,NV,NV,NV,NV,NV,NV,NV
CG14.10.3,18.24,0.22,12,13.0,8.92,1.52,9.0,0.69,3.64,0.0,104,SA11,8.87,11,1,0,1.02,SA11_TA1,1.21,0,0,0.74,NV,NV,NV,NV
CG14.10.3,18.24,0.22,12,13.0,8.92,1.52,9.0,0.69,3.64,0.0,104,SA12,6.13,12,0,0,1.92,NV,NV,NV,NV,NV,NV,NV,NV,NV,NV
CG14.10.3,18.24,0.22,12,13.0,8.92,1.52,9.0,0.69,3.64,0.0,104,SA13,7.32,12,0,4,0.0,NV,NV,NV,NV,NV,NV,NV,NV,NV,NV

CG14.2.1,17.4,0.24,10,11.0,10.91,1.74,3.0,0.27,6.59,0.0,81,SA1,9.41,1,0,4,0,NV,NV,NV,NV,NV,NV,NV,NV,NV,NV
CG14.2.1,17.4,0.24,10,11.0,10.91,1.74,3.0,0.27,6.59,0.0,81,SA2,9.84,2,0,2,2.45,NV,NV,NV,NV,NV,NV,NV,NV,NV,NV
CG14.2.1,17.4,0.24,10,11.0,10.91,1.74,3.0,0.27,6.59,0.0,81,SA3,11.93,3,1,0,1.07,SA3_TA1,1.26,0,0,5.6,NV,NV,NV,NV
CG14.2.1,17.4,0.24,10,11.0,10.91,1.74,3.0,0.27,6.59,0.0,81,SA4,11.47,4,0,0,1.68,NV,NV,NV,NV,NV,NV,NV,NV,NV,NV
CG14.2.1,17.4,0.24,10,11.0,10.91,1.74,3.0,0.27,6.59,0.0,81,SA5,11.7,5,0,0,1.62,NV,NV,NV,NV,NV,NV,NV,NV,NV,NV
CG14.2.1,17.4,0.24,10,11.0,10.91,1.74,3.0,0.27,6.59,0.0,81,SA6,11.67,6,1,5,1.95,SA6_TA1,1.25,0,5,4.57,NV,NV,NV,NV
CG14.2.1,17.4,0.24,10,11.0,10.91,1.74,3.0,0.27,6.59,0.0,81,SA7,11.47,7,0,4,2.49,NV,NV,NV,NV,NV,NV,NV,NV,NV,NV
CG14.2.1,17.4,0.24,10,11.0,10.91,1.74,3.0,0.27,6.59,0.0,81,SA8,11.85,8,1,0,2.08,SA8_TA1,1.69,0,0,3.0,NV,NV,NV,NV
CG14.2.1,17.4,0.24,10,11.0,10.91,1.74,3.0,0.27,6.59,0.0,81,SA9,9.33,9,0,2,2.02,NV,NV,NV,NV,NV,NV,NV,NV,NV,NV
CG14.2.1,17.4,0.24,10,11.0,10.91,1.74,3.0,0.27,6.59,0.0,81,SA10,9.26,10,0,6,2.05,NV,NV,NV,NV,NV,NV,NV,NV,NV,NV
CG14.2.1,17.4,0.24,10,11.0,10.91,1.74,3.0,0.27,6.59,0.0,81,SA11,12.13,10,0,0,0.0,NV,NV,NV,NV,NV,NV,NV,NV,NV,NV

CG14.2.2,22.48,0.24,16,17.0,10.6,1.41,9.0,0.53,7.44,0.0,139,SA1,8.86,1,0,4,0,NV,NV,NV,NV,NV,NV,NV,NV,NV,NV
CG14.2.2,22.48,0.24,16,17.0,10.6,1.41,9.0,0.53,7.44,0.0,139,SA2,9.91,2,0,7,2.14,NV,NV,NV,NV,NV,NV,NV,NV,NV,NV
CG14.2.2,22.48,0.24,16,17.0,10.6,1.41,9.0,0.53,7.44,0.0,139,SA3,11.44,3,0,9,0.81,NV,NV,NV,NV,NV,NV,NV,NV,NV,NV
CG14.2.2,22.48,0.24,16,17.0,10.6,1.41,9.0,0.53,7.44,0.0,139,SA4,11.76,4,0,7,1.1,NV,NV,NV,NV,NV,NV,NV,NV,NV,NV
CG14.2.2,22.48,0.24,16,17.0,10.6,1.41,9.0,0.53,7.44,0.0,139,SA5,10.08,5,0,9,0.29,NV,NV,NV,NV,NV,NV,NV,NV,NV,NV
CG14.2.2,22.48,0.24,16,17.0,10.6,1.41,9.0,0.53,7.44,0.0,139,SA6,11.19,6,0,1,0.3,NV,NV,NV,NV,NV,NV,NV,NV,NV,NV
CG14.2.2,22.48,0.24,16,17.0,10.6,1.41,9.0,0.53,7.44,0.0,139,SA7,13.15,7,3,0,2.61,SA7_TA1,1.84,0,2,6.71,NV,NV,NV,NV
CG14.2.2,22.48,0.24,16,17.0,10.6,1.41,9.0,0.53,7.44,0.0,139,SA7,13.15,7,3,0,2.61,SA7_TA2,2.4,0,1,7.78,NV,NV,NV,NV
CG14.2.2,22.48,0.24,16,17.0,10.6,1.41,9.0,0.53,7.44,0.0,139,SA7,13.15,7,3,0,2.61,SA7_TA3,2.49,0,0,8.55,NV,NV,NV,NV
CG14.2.2,22.48,0.24,16,17.0,10.6,1.41,9.0,0.53,7.44,0.0,139,SA8,13.09,8,1,0,1.02,SA8_TA1,1.68,0,2,6.75,NV,NV,NV,NV
CG14.2.2,22.48,0.24,16,17.0,10.6,1.41,9.0,0.53,7.44,0.0,139,SA9,11.29,9,2,5,0.3,SA9_TA1,1.66,0,0,5.2,NV,NV,NV,NV
CG14.2.2,22.48,0.24,16,17.0,10.6,1.41,9.0,0.53,7.44,0.0,139,SA9,11.29,9,2,5,0.3,SA9_TA2,1.16,0,0,6.35,NV,NV,NV,NV
CG14.2.2,22.48,0.24,16,17.0,10.6,1.41,9.0,0.53,7.44,0.0,139,SA10,15.33,10,1,8,2.62,SA10_TA1,2.17,0,3,7.14,NV,NV,NV,NV
CG14.2.2,22.48,0.24,16,17.0,10.6,1.41,9.0,0.53,7.44,0.0,139,SA11,14.01,11,2,0,1.04,SA11_TA1,1.49,0,0,4.96,NV,NV,NV,NV
CG14.2.2,22.48,0.24,16,17.0,10.6,1.41,9.0,0.53,7.44,0.0,139,SA11,14.01,11,2,0,1.04,SA11_TA2,1.31,0,1,6.04,NV,NV,NV,NV
CG14.2.2,22.48,0.24,16,17.0,10.6,1.41,9.0,0.53,7.44,0.0,139,SA12,11.81,12,0,8,3.32,NV,NV,NV,NV,NV,NV,NV,NV,NV,NV
CG14.2.2,22.48,0.24,16,17.0,10.6,1.41,9.0,0.53,7.44,0.0,139,SA13,9.45,13,0,0,2.45,NV,NV,NV,NV,NV,NV,NV,NV,NV,NV
CG14.2.2,22.48,0.24,16,17.0,10.6,1.41,9.0,0.53,7.44,0.0,139,SA14,8.06,14,0,0,2.41,NV,NV,NV,NV,NV,NV,NV,NV,NV,NV
CG14.2.2,22.48,0.24,16,17.0,10.6,1.41,9.0,0.53,7.44,0.0,139,SA15,7.2,15,0,3,0.2,NV,NV,NV,NV,NV,NV,NV,NV,NV,NV
CG14.2.2,22.48,0.24,16,17.0,10.6,1.41,9.0,0.53,7.44,0.0,139,SA16,7.01,16,0,1,1.87,NV,NV,NV,NV,NV,NV,NV,NV,NV,NV
CG14.2.2,22.48,0.24,16,17.0,10.6,1.41,9.0,0.53,7.44,0.0,139,SA17,6.54,16,0,5,0.0,NV,NV,NV,NV,NV,NV,NV,NV,NV,NV

CG14.2.3,16.61,0.32,12,13.0,11.59,1.38,11.0,0.85,5.29,0.0,131,SA1,9.57,1,0,4,0,NV,NV,NV,NV,NV,NV,NV,NV,NV,NV
CG14.2.3,16.61,0.32,12,13.0,11.59,1.38,11.0,0.85,5.29,0.0,131,SA2,8.0,2,0,0,0.49,NV,NV,NV,NV,NV,NV,NV,NV,NV,NV
CG14.2.3,16.61,0.32,12,13.0,11.59,1.38,11.0,0.85,5.29,0.0,131,SA3,11.3,3,0,4,1.54,NV,NV,NV,NV,NV,NV,NV,NV,NV,NV
CG14.2.3,16.61,0.32,12,13.0,11.59,1.38,11.0,0.85,5.29,0.0,131,SA4,10.75,4,0,5,1.95,NV,NV,NV,NV,NV,NV,NV,NV,NV,NV
CG14.2.3,16.61,0.32,12,13.0,11.59,1.38,11.0,0.85,5.29,0.0,131,SA5,10.11,5,0,5,0.35,NV,NV,NV,NV,NV,NV,NV,NV,NV,NV
CG14.2.3,16.61,0.32,12,13.0,11.59,1.38,11.0,0.85,5.29,0.0,131,SA6,13.73,6,1,7,2.6,SA6_TA1,1.31,0,0,4.5,NV,NV,NV,NV
CG14.2.3,16.61,0.32,12,13.0,11.59,1.38,11.0,0.85,5.29,0.0,131,SA7,13.14,7,1,6,0.27,SA7_TA1,1.81,0,1,5.48,NV,NV,NV,NV
CG14.2.3,16.61,0.32,12,13.0,11.59,1.38,11.0,0.85,5.29,0.0,131,SA8,13.2,8,1,9,0.48,SA8_TA1,1.34,0,0,4.71,NV,NV,NV,NV
CG14.2.3,16.61,0.32,12,13.0,11.59,1.38,11.0,0.85,5.29,0.0,131,SA9,14.82,9,1,6,2.21,SA9_TA1,1.53,0,0,4.34,NV,NV,NV,NV
CG14.2.3,16.61,0.32,12,13.0,11.59,1.38,11.0,0.85,5.29,0.0,131,SA10,14.21,10,3,9,2.34,SA10_TA1,1.62,0,0,3.79,NV,NV,NV,NV
CG14.2.3,16.61,0.32,12,13.0,11.59,1.38,11.0,0.85,5.29,0.0,131,SA10,14.21,10,3,9,2.34,SA10_TA2,1.42,0,0,5.02,NV,NV,NV,NV
CG14.2.3,16.61,0.32,12,13.0,11.59,1.38,11.0,0.85,5.29,0.0,131,SA10,14.21,10,3,9,2.34,SA10_TA3,1.92,0,1,6.76,NV,NV,NV,NV
CG14.2.3,16.61,0.32,12,13.0,11.59,1.38,11.0,0.85,5.29,0.0,131,SA11,14.36,11,1,8,0.25,SA11_TA1,1.69,0,1,4.39,NV,NV,NV,NV
CG14.2.3,16.61,0.32,12,13.0,11.59,1.38,11.0,0.85,5.29,0.0,131,SA12,4.0,12,0,2,4.13,NV,NV,NV,NV,NV,NV,NV,NV,NV,NV
CG14.2.3,16.61,0.32,12,13.0,11.59,1.38,11.0,0.85,5.29,0.0,131,SA13,13.47,12,3,3,0.0,SA13_TA1,3.2,0,2,3.04,NV,NV,NV,NV
CG14.2.3,16.61,0.32,12,13.0,11.59,1.38,11.0,0.85,5.29,0.0,131,SA13,13.47,12,3,3,0.0,SA13_TA2,1.99,0,2,4.56,NV,NV,NV,NV
CG14.2.3,16.61,0.32,12,13.0,11.59,1.38,11.0,0.85,5.29,0.0,131,SA13,13.47,12,3,3,0.0,SA13_TA3,3.13,0,3,6.28,NV,NV,NV,NV

CG14.3.1,19.5,0.18,14,15.0,9.92,1.39,8.0,0.53,5.82,0.0,122,SA1,9.07,1,0,0,0,NV,NV,NV,NV,NV,NV,NV,NV,NV,NV
CG14.3.1,19.5,0.18,14,15.0,9.92,1.39,8.0,0.53,5.82,0.0,122,SA2,11.59,2,2,8,2.26,SA2_TA1,2.0,0,0,4.12,NV,NV,NV,NV
CG14.3.1,19.5,0.18,14,15.0,9.92,1.39,8.0,0.53,5.82,0.0,122,SA2,11.59,2,2,8,2.26,SA2_TA2,1.71,0,2,5.14,NV,NV,NV,NV
CG14.3.1,19.5,0.18,14,15.0,9.92,1.39,8.0,0.53,5.82,0.0,122,SA3,9.28,3,0,5,0.24,NV,NV,NV,NV,NV,NV,NV,NV,NV,NV
CG14.3.1,19.5,0.18,14,15.0,9.92,1.39,8.0,0.53,5.82,0.0,122,SA4,10.68,4,0,5,0.42,NV,NV,NV,NV,NV,NV,NV,NV,NV,NV
CG14.3.1,19.5,0.18,14,15.0,9.92,1.39,8.0,0.53,5.82,0.0,122,SA5,11.18,5,0,6,2.16,NV,NV,NV,NV,NV,NV,NV,NV,NV,NV
CG14.3.1,19.5,0.18,14,15.0,9.92,1.39,8.0,0.53,5.82,0.0,122,SA6,10.33,6,0,9,0.29,NV,NV,NV,NV,NV,NV,NV,NV,NV,NV
CG14.3.1,19.5,0.18,14,15.0,9.92,1.39,8.0,0.53,5.82,0.0,122,SA7,12.3,7,4,13,2.53,SA7_TA1,1.55,0,1,3.83,NV,NV,NV,NV
CG14.3.1,19.5,0.18,14,15.0,9.92,1.39,8.0,0.53,5.82,0.0,122,SA7,12.3,7,4,13,2.53,SA7_TA2,1.64,0,0,4.83,NV,NV,NV,NV
CG14.3.1,19.5,0.18,14,15.0,9.92,1.39,8.0,0.53,5.82,0.0,122,SA7,12.3,7,4,13,2.53,SA7_TA3,1.49,0,3,6.15,NV,NV,NV,NV
CG14.3.1,19.5,0.18,14,15.0,9.92,1.39,8.0,0.53,5.82,0.0,122,SA7,12.3,7,4,13,2.53,SA7_TA4,1.77,0,0,6.62,NV,NV,NV,NV
CG14.3.1,19.5,0.18,14,15.0,9.92,1.39,8.0,0.53,5.82,0.0,122,SA8,10.63,8,0,7,0.39,NV,NV,NV,NV,NV,NV,NV,NV,NV,NV
CG14.3.1,19.5,0.18,14,15.0,9.92,1.39,8.0,0.53,5.82,0.0,122,SA9,14.23,9,2,7,2.5,SA9_TA1,1.1,0,0,3.88,NV,NV,NV,NV
CG14.3.1,19.5,0.18,14,15.0,9.92,1.39,8.0,0.53,5.82,0.0,122,SA9,14.23,9,2,7,2.5,SA9_TA2,1.57,0,0,6.17,NV,NV,NV,NV
CG14.3.1,19.5,0.18,14,15.0,9.92,1.39,8.0,0.53,5.82,0.0,122,SA10,10.51,10,0,5,2.13,NV,NV,NV,NV,NV,NV,NV,NV,NV,NV
CG14.3.1,19.5,0.18,14,15.0,9.92,1.39,8.0,0.53,5.82,0.0,122,SA11,8.64,11,0,7,2.62,NV,NV,NV,NV,NV,NV,NV,NV,NV,NV
CG14.3.1,19.5,0.18,14,15.0,9.92,1.39,8.0,0.53,5.82,0.0,122,SA12,8.44,12,0,7,0.34,NV,NV,NV,NV,NV,NV,NV,NV,NV,NV
CG14.3.1,19.5,0.18,14,15.0,9.92,1.39,8.0,0.53,5.82,0.0,122,SA13,5.89,13,0,3,2.16,NV,NV,NV,NV,NV,NV,NV,NV,NV,NV
CG14.3.1,19.5,0.18,14,15.0,9.92,1.39,8.0,0.53,5.82,0.0,122,SA14,7.52,14,0,4,1.45,NV,NV,NV,NV,NV,NV,NV,NV,NV,NV
CG14.3.1,19.5,0.18,14,15.0,9.92,1.39,8.0,0.53,5.82,0.0,122,SA15,8.53,14,0,7,0.0,NV,NV,NV,NV,NV,NV,NV,NV,NV,NV

CG14.3.2,14.3,0.36,13,13.0,8.67,1.19,2.0,0.15,5.88,0.0,97,SA1,5.52,1,0,4,0,NV,NV,NV,NV,NV,NV,NV,NV,NV,NV
CG14.3.2,14.3,0.36,13,13.0,8.67,1.19,2.0,0.15,5.88,0.0,97,SA2,6.34,2,0,3,0.4,NV,NV,NV,NV,NV,NV,NV,NV,NV,NV
CG14.3.2,14.3,0.36,13,13.0,8.67,1.19,2.0,0.15,5.88,0.0,97,SA3,7.96,3,0,4,2.03,NV,NV,NV,NV,NV,NV,NV,NV,NV,NV
CG14.3.2,14.3,0.36,13,13.0,8.67,1.19,2.0,0.15,5.88,0.0,97,SA4,4.61,4,0,1,0.18,NV,NV,NV,NV,NV,NV,NV,NV,NV,NV
CG14.3.2,14.3,0.36,13,13.0,8.67,1.19,2.0,0.15,5.88,0.0,97,SA5,5.86,5,0,3,0.24,NV,NV,NV,NV,NV,NV,NV,NV,NV,NV
CG14.3.2,14.3,0.36,13,13.0,8.67,1.19,2.0,0.15,5.88,0.0,97,SA6,8.65,6,0,5,0.35,NV,NV,NV,NV,NV,NV,NV,NV,NV,NV
CG14.3.2,14.3,0.36,13,13.0,8.67,1.19,2.0,0.15,5.88,0.0,97,SA7,8.25,7,0,2,2.37,NV,NV,NV,NV,NV,NV,NV,NV,NV,NV
CG14.3.2,14.3,0.36,13,13.0,8.67,1.19,2.0,0.15,5.88,0.0,97,SA8,8.9,8,0,0,0.25,NV,NV,NV,NV,NV,NV,NV,NV,NV,NV
CG14.3.2,14.3,0.36,13,13.0,8.67,1.19,2.0,0.15,5.88,0.0,97,SA9,10.39,9,0,2,1.99,NV,NV,NV,NV,NV,NV,NV,NV,NV,NV
CG14.3.2,14.3,0.36,13,13.0,8.67,1.19,2.0,0.15,5.88,0.0,97,SA10,12.06,10,0,0,3.03,NV,NV,NV,NV,NV,NV,NV,NV,NV,NV
CG14.3.2,14.3,0.36,13,13.0,8.67,1.19,2.0,0.15,5.88,0.0,97,SA11,10.41,11,0,9,1.18,NV,NV,NV,NV,NV,NV,NV,NV,NV,NV
CG14.3.2,14.3,0.36,13,13.0,8.67,1.19,2.0,0.15,5.88,0.0,97,SA12,12.21,12,1,9,0.35,SA12_TA1,2.75,0,2,3.25,NV,NV,NV,NV
CG14.3.2,14.3,0.36,13,13.0,8.67,1.19,2.0,0.15,5.88,0.0,97,SA13,11.59,13,1,2,1.91,SA13_TA1,2.33,0,0,2.63,NV,NV,NV,NV

CG14.3.3,18.71,0.22,15,16.0,7.61,1.25,0.0,0.0,-0.0,0.0,90,SA1,3.37,1,0,0,0,NV,NV,NV,NV,NV,NV,NV,NV,NV,NV
CG14.3.3,18.71,0.22,15,16.0,7.61,1.25,0.0,0.0,-0.0,0.0,90,SA2,4.42,2,0,3,2.18,NV,NV,NV,NV,NV,NV,NV,NV,NV,NV
CG14.3.3,18.71,0.22,15,16.0,7.61,1.25,0.0,0.0,-0.0,0.0,90,SA3,6.89,3,0,2,0.2,NV,NV,NV,NV,NV,NV,NV,NV,NV,NV
CG14.3.3,18.71,0.22,15,16.0,7.61,1.25,0.0,0.0,-0.0,0.0,90,SA4,5.31,4,0,1,0.24,NV,NV,NV,NV,NV,NV,NV,NV,NV,NV
CG14.3.3,18.71,0.22,15,16.0,7.61,1.25,0.0,0.0,-0.0,0.0,90,SA5,8.63,5,0,4,2.82,NV,NV,NV,NV,NV,NV,NV,NV,NV,NV
CG14.3.3,18.71,0.22,15,16.0,7.61,1.25,0.0,0.0,-0.0,0.0,90,SA6,7.58,6,0,5,0.23,NV,NV,NV,NV,NV,NV,NV,NV,NV,NV
CG14.3.3,18.71,0.22,15,16.0,7.61,1.25,0.0,0.0,-0.0,0.0,90,SA7,5.73,7,0,4,0.25,NV,NV,NV,NV,NV,NV,NV,NV,NV,NV
CG14.3.3,18.71,0.22,15,16.0,7.61,1.25,0.0,0.0,-0.0,0.0,90,SA8,7.41,8,0,0,3.86,NV,NV,NV,NV,NV,NV,NV,NV,NV,NV
CG14.3.3,18.71,0.22,15,16.0,7.61,1.25,0.0,0.0,-0.0,0.0,90,SA9,7.08,9,0,3,0.33,NV,NV,NV,NV,NV,NV,NV,NV,NV,NV
CG14.3.3,18.71,0.22,15,16.0,7.61,1.25,0.0,0.0,-0.0,0.0,90,SA10,9.77,10,0,5,0.39,NV,NV,NV,NV,NV,NV,NV,NV,NV,NV
CG14.3.3,18.71,0.22,15,16.0,7.61,1.25,0.0,0.0,-0.0,0.0,90,SA11,7.13,11,0,3,3.38,NV,NV,NV,NV,NV,NV,NV,NV,NV,NV
CG14.3.3,18.71,0.22,15,16.0,7.61,1.25,0.0,0.0,-0.0,0.0,90,SA12,9.19,12,0,0,0.33,NV,NV,NV,NV,NV,NV,NV,NV,NV,NV
CG14.3.3,18.71,0.22,15,16.0,7.61,1.25,0.0,0.0,-0.0,0.0,90,SA13,10.05,13,0,1,0.35,NV,NV,NV,NV,NV,NV,NV,NV,NV,NV
CG14.3.3,18.71,0.22,15,16.0,7.61,1.25,0.0,0.0,-0.0,0.0,90,SA14,9.27,14,0,6,3.76,NV,NV,NV,NV,NV,NV,NV,NV,NV,NV
CG14.3.3,18.71,0.22,15,16.0,7.61,1.25,0.0,0.0,-0.0,0.0,90,SA15,11.17,15,0,6,0.4,NV,NV,NV,NV,NV,NV,NV,NV,NV,NV
CG14.3.3,18.71,0.22,15,16.0,7.61,1.25,0.0,0.0,-0.0,0.0,90,SA16,8.84,15,0,2,0.0,NV,NV,NV,NV,NV,NV,NV,NV,NV,NV

CG14.4.1,17.98,0.18,12,13.0,10.19,1.5,0.0,0.0,-0.0,0.0,104,SA1,8.64,1,0,2,0,NV,NV,NV,NV,NV,NV,NV,NV,NV,NV
CG14.4.1,17.98,0.18,12,13.0,10.19,1.5,0.0,0.0,-0.0,0.0,104,SA2,9.53,2,0,7,3.21,NV,NV,NV,NV,NV,NV,NV,NV,NV,NV
CG14.4.1,17.98,0.18,12,13.0,10.19,1.5,0.0,0.0,-0.0,0.0,104,SA3,10.07,3,0,4,0.3,NV,NV,NV,NV,NV,NV,NV,NV,NV,NV
CG14.4.1,17.98,0.18,12,13.0,10.19,1.5,0.0,0.0,-0.0,0.0,104,SA4,10.07,4,0,7,0.27,NV,NV,NV,NV,NV,NV,NV,NV,NV,NV
CG14.4.1,17.98,0.18,12,13.0,10.19,1.5,0.0,0.0,-0.0,0.0,104,SA5,8.46,5,0,0,0.71,NV,NV,NV,NV,NV,NV,NV,NV,NV,NV
CG14.4.1,17.98,0.18,12,13.0,10.19,1.5,0.0,0.0,-0.0,0.0,104,SA6,11.44,6,0,3,2.12,NV,NV,NV,NV,NV,NV,NV,NV,NV,NV
CG14.4.1,17.98,0.18,12,13.0,10.19,1.5,0.0,0.0,-0.0,0.0,104,SA7,12.55,7,0,9,0.27,NV,NV,NV,NV,NV,NV,NV,NV,NV,NV
CG14.4.1,17.98,0.18,12,13.0,10.19,1.5,0.0,0.0,-0.0,0.0,104,SA8,10.2,8,0,5,3.0,NV,NV,NV,NV,NV,NV,NV,NV,NV,NV
CG14.4.1,17.98,0.18,12,13.0,10.19,1.5,0.0,0.0,-0.0,0.0,104,SA9,12.37,9,0,4,0.22,NV,NV,NV,NV,NV,NV,NV,NV,NV,NV
CG14.4.1,17.98,0.18,12,13.0,10.19,1.5,0.0,0.0,-0.0,0.0,104,SA10,10.58,10,0,4,2.93,NV,NV,NV,NV,NV,NV,NV,NV,NV,NV
CG14.4.1,17.98,0.18,12,13.0,10.19,1.5,0.0,0.0,-0.0,0.0,104,SA11,10.7,11,0,8,2.09,NV,NV,NV,NV,NV,NV,NV,NV,NV,NV
CG14.4.1,17.98,0.18,12,13.0,10.19,1.5,0.0,0.0,-0.0,0.0,104,SA12,9.64,12,0,10,2.87,NV,NV,NV,NV,NV,NV,NV,NV,NV,NV
CG14.4.1,17.98,0.18,12,13.0,10.19,1.5,0.0,0.0,-0.0,0.0,104,SA13,8.19,12,0,2,0.0,NV,NV,NV,NV,NV,NV,NV,NV,NV,NV

CG14.4.2,15.09,0.24,12,13.0,10.98,1.26,4.0,0.31,2.71,0.0,110,SA1,9.85,1,0,0,0,NV,NV,NV,NV,NV,NV,NV,NV,NV,NV
CG14.4.2,15.09,0.24,12,13.0,10.98,1.26,4.0,0.31,2.71,0.0,110,SA2,8.96,2,0,4,2.74,NV,NV,NV,NV,NV,NV,NV,NV,NV,NV
CG14.4.2,15.09,0.24,12,13.0,10.98,1.26,4.0,0.31,2.71,0.0,110,SA3,10.96,3,0,0,0.22,NV,NV,NV,NV,NV,NV,NV,NV,NV,NV
CG14.4.2,15.09,0.24,12,13.0,10.98,1.26,4.0,0.31,2.71,0.0,110,SA4,11.93,4,0,8,0.22,NV,NV,NV,NV,NV,NV,NV,NV,NV,NV
CG14.4.2,15.09,0.24,12,13.0,10.98,1.26,4.0,0.31,2.71,0.0,110,SA5,7.92,5,0,4,0.18,NV,NV,NV,NV,NV,NV,NV,NV,NV,NV
CG14.4.2,15.09,0.24,12,13.0,10.98,1.26,4.0,0.31,2.71,0.0,110,SA6,12.9,6,2,3,1.95,SA6_TA1,1.75,0,0,1.44,NV,NV,NV,NV
CG14.4.2,15.09,0.24,12,13.0,10.98,1.26,4.0,0.31,2.71,0.0,110,SA6,12.9,6,2,3,1.95,SA6_TA2,2.44,0,0,3.23,NV,NV,NV,NV
CG14.4.2,15.09,0.24,12,13.0,10.98,1.26,4.0,0.31,2.71,0.0,110,SA7,12.12,7,0,0,2.1,NV,NV,NV,NV,NV,NV,NV,NV,NV,NV
CG14.4.2,15.09,0.24,12,13.0,10.98,1.26,4.0,0.31,2.71,0.0,110,SA8,11.5,8,0,0,1.03,NV,NV,NV,NV,NV,NV,NV,NV,NV,NV
CG14.4.2,15.09,0.24,12,13.0,10.98,1.26,4.0,0.31,2.71,0.0,110,SA9,12.19,9,1,4,0.33,SA9_TA1,2.12,0,0,1.98,NV,NV,NV,NV
CG14.4.2,15.09,0.24,12,13.0,10.98,1.26,4.0,0.31,2.71,0.0,110,SA10,11.6,10,1,5,2.71,SA10_TA1,2.08,0,0,1.47,NV,NV,NV,NV
CG14.4.2,15.09,0.24,12,13.0,10.98,1.26,4.0,0.31,2.71,0.0,110,SA11,11.38,11,0,0,1.16,NV,NV,NV,NV,NV,NV,NV,NV,NV,NV
CG14.4.2,15.09,0.24,12,13.0,10.98,1.26,4.0,0.31,2.71,0.0,110,SA12,11.2,12,0,0,2.45,NV,NV,NV,NV,NV,NV,NV,NV,NV,NV
CG14.4.2,15.09,0.24,12,13.0,10.98,1.26,4.0,0.31,2.71,0.0,110,SA13,10.22,12,0,6,0.0,NV,NV,NV,NV,NV,NV,NV,NV,NV,NV

CG14.4.3,15.7,0.26,10,12.0,11.04,1.43,3.0,0.25,4.13,0.0,110,SA1,3.82,1,0,0,0,NV,NV,NV,NV,NV,NV,NV,NV,NV,NV
CG14.4.3,15.7,0.26,10,12.0,11.04,1.43,3.0,0.25,4.13,0.0,110,SA2,10.85,2,0,7,2.59,NV,NV,NV,NV,NV,NV,NV,NV,NV,NV
CG14.4.3,15.7,0.26,10,12.0,11.04,1.43,3.0,0.25,4.13,0.0,110,SA3,9.51,3,0,4,0.23,NV,NV,NV,NV,NV,NV,NV,NV,NV,NV
CG14.4.3,15.7,0.26,10,12.0,11.04,1.43,3.0,0.25,4.13,0.0,110,SA4,11.58,4,0,7,0.19,NV,NV,NV,NV,NV,NV,NV,NV,NV,NV
CG14.4.3,15.7,0.26,10,12.0,11.04,1.43,3.0,0.25,4.13,0.0,110,SA5,9.62,5,0,2,0.25,NV,NV,NV,NV,NV,NV,NV,NV,NV,NV
CG14.4.3,15.7,0.26,10,12.0,11.04,1.43,3.0,0.25,4.13,0.0,110,SA6,13.72,6,0,4,2.85,NV,NV,NV,NV,NV,NV,NV,NV,NV,NV
CG14.4.3,15.7,0.26,10,12.0,11.04,1.43,3.0,0.25,4.13,0.0,110,SA7,12.33,7,0,5,0.44,NV,NV,NV,NV,NV,NV,NV,NV,NV,NV
CG14.4.3,15.7,0.26,10,12.0,11.04,1.43,3.0,0.25,4.13,0.0,110,SA8,14.56,8,2,5,1.85,SA8_TA1,2.89,0,0,2.06,NV,NV,NV,NV
CG14.4.3,15.7,0.26,10,12.0,11.04,1.43,3.0,0.25,4.13,0.0,110,SA8,14.56,8,2,5,1.85,SA8_TA2,2.8,0,0,4.21,NV,NV,NV,NV
CG14.4.3,15.7,0.26,10,12.0,11.04,1.43,3.0,0.25,4.13,0.0,110,SA9,12.57,9,1,4,3.16,SA9_TA1,2.93,0,1,1.98,NV,NV,NV,NV
CG14.4.3,15.7,0.26,10,12.0,11.04,1.43,3.0,0.25,4.13,0.0,110,SA10,12.2,9,0,4,0.0,NV,NV,NV,NV,NV,NV,NV,NV,NV,NV
CG14.4.3,15.7,0.26,10,12.0,11.04,1.43,3.0,0.25,4.13,0.0,110,SA11,10.87,10,0,8,4.14,NV,NV,NV,NV,NV,NV,NV,NV,NV,NV
CG14.4.3,15.7,0.26,10,12.0,11.04,1.43,3.0,0.25,4.13,0.0,110,SA12,10.85,10,0,0,0.0,NV,NV,NV,NV,NV,NV,NV,NV,NV,NV

CG14.5.1,18.55,0.18,12,12.0,15.08,1.68,6.0,0.5,7.29,0.0,119,SA1,13.14,1,0,8,0,NV,NV,NV,NV,NV,NV,NV,NV,NV,NV
CG14.5.1,18.55,0.18,12,12.0,15.08,1.68,6.0,0.5,7.29,0.0,119,SA2,15.64,2,0,8,3.26,NV,NV,NV,NV,NV,NV,NV,NV,NV,NV
CG14.5.1,18.55,0.18,12,12.0,15.08,1.68,6.0,0.5,7.29,0.0,119,SA3,14.32,3,0,14,1.78,NV,NV,NV,NV,NV,NV,NV,NV,NV,NV
CG14.5.1,18.55,0.18,12,12.0,15.08,1.68,6.0,0.5,7.29,0.0,119,SA4,14.27,4,0,0,0.28,NV,NV,NV,NV,NV,NV,NV,NV,NV,NV
CG14.5.1,18.55,0.18,12,12.0,15.08,1.68,6.0,0.5,7.29,0.0,119,SA5,15.59,5,0,4,1.74,NV,NV,NV,NV,NV,NV,NV,NV,NV,NV
CG14.5.1,18.55,0.18,12,12.0,15.08,1.68,6.0,0.5,7.29,0.0,119,SA6,16.39,6,0,0,0.5,NV,NV,NV,NV,NV,NV,NV,NV,NV,NV
CG14.5.1,18.55,0.18,12,12.0,15.08,1.68,6.0,0.5,7.29,0.0,119,SA7,17.67,7,2,0,2.27,SA7_TA1,2.28,0,0,5.48,NV,NV,NV,NV
CG14.5.1,18.55,0.18,12,12.0,15.08,1.68,6.0,0.5,7.29,0.0,119,SA7,17.67,7,2,0,2.27,SA7_TA2,2.04,0,0,7.39,NV,NV,NV,NV
CG14.5.1,18.55,0.18,12,12.0,15.08,1.68,6.0,0.5,7.29,0.0,119,SA8,16.79,8,1,9,1.23,SA8_TA1,1.63,0,0,5.08,NV,NV,NV,NV
CG14.5.1,18.55,0.18,12,12.0,15.08,1.68,6.0,0.5,7.29,0.0,119,SA9,16.81,9,2,0,2.83,SA9_TA1,2.34,0,2,4.73,NV,NV,NV,NV
CG14.5.1,18.55,0.18,12,12.0,15.08,1.68,6.0,0.5,7.29,0.0,119,SA9,16.81,9,2,0,2.83,SA9_TA2,2.25,0,0,7.0,NV,NV,NV,NV
CG14.5.1,18.55,0.18,12,12.0,15.08,1.68,6.0,0.5,7.29,0.0,119,SA10,14.36,10,1,4,0.52,SA10_TA1,2.86,0,2,6.78,NV,NV,NV,NV
CG14.5.1,18.55,0.18,12,12.0,15.08,1.68,6.0,0.5,7.29,0.0,119,SA11,12.9,11,0,0,2.22,NV,NV,NV,NV,NV,NV,NV,NV,NV,NV
CG14.5.1,18.55,0.18,12,12.0,15.08,1.68,6.0,0.5,7.29,0.0,119,SA12,13.04,12,0,3,1.9,NV,NV,NV,NV,NV,NV,NV,NV,NV,NV

CG14.5.2,10.27,0.3,8,9.0,10.42,1.28,3.0,0.33,3.54,0.0,84,SA1,7.22,1,0,0,0,NV,NV,NV,NV,NV,NV,NV,NV,NV,NV
CG14.5.2,10.27,0.3,8,9.0,10.42,1.28,3.0,0.33,3.54,0.0,84,SA2,8.07,2,0,7,1.36,NV,NV,NV,NV,NV,NV,NV,NV,NV,NV
CG14.5.2,10.27,0.3,8,9.0,10.42,1.28,3.0,0.33,3.54,0.0,84,SA3,10.85,3,0,9,1.23,NV,NV,NV,NV,NV,NV,NV,NV,NV,NV
CG14.5.2,10.27,0.3,8,9.0,10.42,1.28,3.0,0.33,3.54,0.0,84,SA4,9.43,4,0,5,1.64,NV,NV,NV,NV,NV,NV,NV,NV,NV,NV
CG14.5.2,10.27,0.3,8,9.0,10.42,1.28,3.0,0.33,3.54,0.0,84,SA5,10.99,5,1,8,1.72,SA5_TA1,1.18,0,8,2.59,NV,NV,NV,NV
CG14.5.2,10.27,0.3,8,9.0,10.42,1.28,3.0,0.33,3.54,0.0,84,SA6,12.39,6,0,9,1.12,NV,NV,NV,NV,NV,NV,NV,NV,NV,NV
CG14.5.2,10.27,0.3,8,9.0,10.42,1.28,3.0,0.33,3.54,0.0,84,SA7,12.2,7,1,7,2.72,SA7_TA1,1.17,0,0,1.62,NV,NV,NV,NV
CG14.5.2,10.27,0.3,8,9.0,10.42,1.28,3.0,0.33,3.54,0.0,84,SA8,13.08,8,1,8,0.47,SA8_TA1,1.69,0,1,2.87,NV,NV,NV,NV
CG14.5.2,10.27,0.3,8,9.0,10.42,1.28,3.0,0.33,3.54,0.0,84,SA9,9.51,8,0,6,0.0,NV,NV,NV,NV,NV,NV,NV,NV,NV,NV

CG14.5.3,10.98,0.34,10,11.0,10.99,1.1,8.0,0.73,4.61,0.0,107,SA1,7.78,1,0,4,0,NV,NV,NV,NV,NV,NV,NV,NV,NV,NV
CG14.5.3,10.98,0.34,10,11.0,10.99,1.1,8.0,0.73,4.61,0.0,107,SA2,9.35,2,1,9,2.07,SA2_TA1,1.34,0,0,2.59,NV,NV,NV,NV
CG14.5.3,10.98,0.34,10,11.0,10.99,1.1,8.0,0.73,4.61,0.0,107,SA3,9.71,3,0,6,0.23,NV,NV,NV,NV,NV,NV,NV,NV,NV,NV
CG14.5.3,10.98,0.34,10,11.0,10.99,1.1,8.0,0.73,4.61,0.0,107,SA4,11.08,4,0,8,0.22,NV,NV,NV,NV,NV,NV,NV,NV,NV,NV
CG14.5.3,10.98,0.34,10,11.0,10.99,1.1,8.0,0.73,4.61,0.0,107,SA5,9.42,5,0,8,2.37,NV,NV,NV,NV,NV,NV,NV,NV,NV,NV
CG14.5.3,10.98,0.34,10,11.0,10.99,1.1,8.0,0.73,4.61,0.0,107,SA6,9.97,6,0,7,0.3,NV,NV,NV,NV,NV,NV,NV,NV,NV,NV
CG14.5.3,10.98,0.34,10,11.0,10.99,1.1,8.0,0.73,4.61,0.0,107,SA7,13.38,7,1,8,0.71,SA7_TA1,2.14,0,1,6.03,NV,NV,NV,NV
CG14.5.3,10.98,0.34,10,11.0,10.99,1.1,8.0,0.73,4.61,0.0,107,SA8,13.07,8,2,0,1.51,SA8_TA1,1.47,0,0,3.39,NV,NV,NV,NV
CG14.5.3,10.98,0.34,10,11.0,10.99,1.1,8.0,0.73,4.61,0.0,107,SA8,13.07,8,2,0,1.51,SA8_TA2,1.51,0,8,4.96,NV,NV,NV,NV
CG14.5.3,10.98,0.34,10,11.0,10.99,1.1,8.0,0.73,4.61,0.0,107,SA9,14.03,9,2,11,0.79,SA9_TA1,1.38,0,0,3.82,NV,NV,NV,NV
CG14.5.3,10.98,0.34,10,11.0,10.99,1.1,8.0,0.73,4.61,0.0,107,SA9,14.03,9,2,11,0.79,SA9_TA2,1.59,0,3,5.5,NV,NV,NV,NV
CG14.5.3,10.98,0.34,10,11.0,10.99,1.1,8.0,0.73,4.61,0.0,107,SA10,11.09,10,1,0,2.78,SA10_TA1,1.45,0,2,2.67,NV,NV,NV,NV
CG14.5.3,10.98,0.34,10,11.0,10.99,1.1,8.0,0.73,4.61,0.0,107,SA11,11.98,10,1,6,0.0,SA11_TA1,1.83,0,0,3.28,NV,NV,NV,NV

CG14.6.1,16.37,0.2,15,16.0,11.04,1.09,2.0,0.13,4.85,0.0,152,SA1,8.87,1,0,7,0,NV,NV,NV,NV,NV,NV,NV,NV,NV,NV
CG14.6.1,16.37,0.2,15,16.0,11.04,1.09,2.0,0.13,4.85,0.0,152,SA2,7.09,2,0,0,1.67,NV,NV,NV,NV,NV,NV,NV,NV,NV,NV
CG14.6.1,16.37,0.2,15,16.0,11.04,1.09,2.0,0.13,4.85,0.0,152,SA3,8.26,3,0,5,0.3,NV,NV,NV,NV,NV,NV,NV,NV,NV,NV
CG14.6.1,16.37,0.2,15,16.0,11.04,1.09,2.0,0.13,4.85,0.0,152,SA4,10.67,4,0,7,1.24,NV,NV,NV,NV,NV,NV,NV,NV,NV,NV
CG14.6.1,16.37,0.2,15,16.0,11.04,1.09,2.0,0.13,4.85,0.0,152,SA5,12.41,5,0,0,1.5,NV,NV,NV,NV,NV,NV,NV,NV,NV,NV
CG14.6.1,16.37,0.2,15,16.0,11.04,1.09,2.0,0.13,4.85,0.0,152,SA6,10.16,6,0,0,0.24,NV,NV,NV,NV,NV,NV,NV,NV,NV,NV
CG14.6.1,16.37,0.2,15,16.0,11.04,1.09,2.0,0.13,4.85,0.0,152,SA7,11.7,7,0,0,1.41,NV,NV,NV,NV,NV,NV,NV,NV,NV,NV
CG14.6.1,16.37,0.2,15,16.0,11.04,1.09,2.0,0.13,4.85,0.0,152,SA8,10.58,8,0,4,0.32,NV,NV,NV,NV,NV,NV,NV,NV,NV,NV
CG14.6.1,16.37,0.2,15,16.0,11.04,1.09,2.0,0.13,4.85,0.0,152,SA9,13.41,9,0,2,0.47,NV,NV,NV,NV,NV,NV,NV,NV,NV,NV
CG14.6.1,16.37,0.2,15,16.0,11.04,1.09,2.0,0.13,4.85,0.0,152,SA10,10.94,10,0,0,2.22,NV,NV,NV,NV,NV,NV,NV,NV,NV,NV
CG14.6.1,16.37,0.2,15,16.0,11.04,1.09,2.0,0.13,4.85,0.0,152,SA11,13.3,11,0,7,1.44,NV,NV,NV,NV,NV,NV,NV,NV,NV,NV
CG14.6.1,16.37,0.2,15,16.0,11.04,1.09,2.0,0.13,4.85,0.0,152,SA12,11.9,12,0,1,0.31,NV,NV,NV,NV,NV,NV,NV,NV,NV,NV
CG14.6.1,16.37,0.2,15,16.0,11.04,1.09,2.0,0.13,4.85,0.0,152,SA13,12.34,13,1,5,2.4,SA13_TA1,2.05,0,0,1.96,NV,NV,NV,NV
CG14.6.1,16.37,0.2,15,16.0,11.04,1.09,2.0,0.13,4.85,0.0,152,SA14,10.73,14,1,0,2.55,SA14_TA1,1.8,0,0,2.89,NV,NV,NV,NV
CG14.6.1,16.37,0.2,15,16.0,11.04,1.09,2.0,0.13,4.85,0.0,152,SA15,11.31,15,0,7,0.3,NV,NV,NV,NV,NV,NV,NV,NV,NV,NV
CG14.6.1,16.37,0.2,15,16.0,11.04,1.09,2.0,0.13,4.85,0.0,152,SA16,13.04,15,0,9,0.0,NV,NV,NV,NV,NV,NV,NV,NV,NV,NV

CG14.6.2,9.81,0.32,12,13.0,10.5,0.82,1.0,0.08,9.223372036854776E16,0.0,108,SA1,6.81,1,0,5,0,NV,NV,NV,NV,NV,NV,NV,NV,NV,NV
CG14.6.2,9.81,0.32,12,13.0,10.5,0.82,1.0,0.08,9.223372036854776E16,0.0,108,SA2,8.99,2,0,0,1.54,NV,NV,NV,NV,NV,NV,NV,NV,NV,NV
CG14.6.2,9.81,0.32,12,13.0,10.5,0.82,1.0,0.08,9.223372036854776E16,0.0,108,SA3,8.93,3,0,1,0.66,NV,NV,NV,NV,NV,NV,NV,NV,NV,NV
CG14.6.2,9.81,0.32,12,13.0,10.5,0.82,1.0,0.08,9.223372036854776E16,0.0,108,SA4,10.2,4,0,6,0.79,NV,NV,NV,NV,NV,NV,NV,NV,NV,NV
CG14.6.2,9.81,0.32,12,13.0,10.5,0.82,1.0,0.08,9.223372036854776E16,0.0,108,SA5,10.46,5,0,7,0.23,NV,NV,NV,NV,NV,NV,NV,NV,NV,NV
CG14.6.2,9.81,0.32,12,13.0,10.5,0.82,1.0,0.08,9.223372036854776E16,0.0,108,SA6,9.15,6,0,0,2.49,NV,NV,NV,NV,NV,NV,NV,NV,NV,NV
CG14.6.2,9.81,0.32,12,13.0,10.5,0.82,1.0,0.08,9.223372036854776E16,0.0,108,SA7,12.65,7,0,5,0.25,NV,NV,NV,NV,NV,NV,NV,NV,NV,NV
CG14.6.2,9.81,0.32,12,13.0,10.5,0.82,1.0,0.08,9.223372036854776E16,0.0,108,SA8,8.51,8,0,1,0.24,NV,NV,NV,NV,NV,NV,NV,NV,NV,NV
CG14.6.2,9.81,0.32,12,13.0,10.5,0.82,1.0,0.08,9.223372036854776E16,0.0,108,SA9,10.87,9,0,0,2.88,NV,NV,NV,NV,NV,NV,NV,NV,NV,NV
CG14.6.2,9.81,0.32,12,13.0,10.5,0.82,1.0,0.08,9.223372036854776E16,0.0,108,SA10,9.88,10,0,0,0.27,NV,NV,NV,NV,NV,NV,NV,NV,NV,NV
CG14.6.2,9.81,0.32,12,13.0,10.5,0.82,1.0,0.08,9.223372036854776E16,0.0,108,SA11,14.03,11,0,7,0.23,NV,NV,NV,NV,NV,NV,NV,NV,NV,NV
CG14.6.2,9.81,0.32,12,13.0,10.5,0.82,1.0,0.08,9.223372036854776E16,0.0,108,SA12,14.03,12,0,9,0.23,NV,NV,NV,NV,NV,NV,NV,NV,NV,NV
CG14.6.2,9.81,0.32,12,13.0,10.5,0.82,1.0,0.08,9.223372036854776E16,0.0,108,SA13,11.95,12,1,6,0.0,SA13_TA1,1.41,0,0,3.63,NV,NV,NV,NV

CG14.6.3,13.09,0.3,11,12.0,10.8,1.19,0.0,0.0,-0.0,0.0,95,SA1,10.49,1,0,0,0,NV,NV,NV,NV,NV,NV,NV,NV,NV,NV
CG14.6.3,13.09,0.3,11,12.0,10.8,1.19,0.0,0.0,-0.0,0.0,95,SA2,10.97,2,0,4,1.0,NV,NV,NV,NV,NV,NV,NV,NV,NV,NV
CG14.6.3,13.09,0.3,11,12.0,10.8,1.19,0.0,0.0,-0.0,0.0,95,SA3,8.6,3,0,0,1.92,NV,NV,NV,NV,NV,NV,NV,NV,NV,NV
CG14.6.3,13.09,0.3,11,12.0,10.8,1.19,0.0,0.0,-0.0,0.0,95,SA4,11.96,4,0,0,0.96,NV,NV,NV,NV,NV,NV,NV,NV,NV,NV
CG14.6.3,13.09,0.3,11,12.0,10.8,1.19,0.0,0.0,-0.0,0.0,95,SA5,14.41,5,0,2,0.35,NV,NV,NV,NV,NV,NV,NV,NV,NV,NV
CG14.6.3,13.09,0.3,11,12.0,10.8,1.19,0.0,0.0,-0.0,0.0,95,SA6,7.04,6,0,4,2.58,NV,NV,NV,NV,NV,NV,NV,NV,NV,NV
CG14.6.3,13.09,0.3,11,12.0,10.8,1.19,0.0,0.0,-0.0,0.0,95,SA7,11.56,7,0,5,0.21,NV,NV,NV,NV,NV,NV,NV,NV,NV,NV
CG14.6.3,13.09,0.3,11,12.0,10.8,1.19,0.0,0.0,-0.0,0.0,95,SA8,10.27,8,0,5,0.24,NV,NV,NV,NV,NV,NV,NV,NV,NV,NV
CG14.6.3,13.09,0.3,11,12.0,10.8,1.19,0.0,0.0,-0.0,0.0,95,SA9,13.28,9,0,5,1.99,NV,NV,NV,NV,NV,NV,NV,NV,NV,NV
CG14.6.3,13.09,0.3,11,12.0,10.8,1.19,0.0,0.0,-0.0,0.0,95,SA10,10.68,10,0,6,1.2,NV,NV,NV,NV,NV,NV,NV,NV,NV,NV
CG14.6.3,13.09,0.3,11,12.0,10.8,1.19,0.0,0.0,-0.0,0.0,95,SA11,10.01,11,0,0,2.64,NV,NV,NV,NV,NV,NV,NV,NV,NV,NV
CG14.6.3,13.09,0.3,11,12.0,10.8,1.19,0.0,0.0,-0.0,0.0,95,SA12,10.38,11,0,0,0.0,NV,NV,NV,NV,NV,NV,NV,NV,NV,NV

CG14.7.2,12.1,0.24,10,11.0,11.18,1.21,9.0,0.82,3.8,0.0,109,SA1,9.41,1,0,0,0,NV,NV,NV,NV,NV,NV,NV,NV,NV,NV
CG14.7.2,12.1,0.24,10,11.0,11.18,1.21,9.0,0.82,3.8,0.0,109,SA2,7.86,2,0,0,1.82,NV,NV,NV,NV,NV,NV,NV,NV,NV,NV
CG14.7.2,12.1,0.24,10,11.0,11.18,1.21,9.0,0.82,3.8,0.0,109,SA3,8.11,3,0,0,0.32,NV,NV,NV,NV,NV,NV,NV,NV,NV,NV
CG14.7.2,12.1,0.24,10,11.0,11.18,1.21,9.0,0.82,3.8,0.0,109,SA4,11.23,4,2,17,0.24,SA4_TA1,1.86,0,0,3.72,NV,NV,NV,NV
CG14.7.2,12.1,0.24,10,11.0,11.18,1.21,9.0,0.82,3.8,0.0,109,SA4,11.23,4,2,17,0.24,SA4_TA2,2.08,0,17,4.57,NV,NV,NV,NV
CG14.7.2,12.1,0.24,10,11.0,11.18,1.21,9.0,0.82,3.8,0.0,109,SA5,11.03,5,0,0,1.94,NV,NV,NV,NV,NV,NV,NV,NV,NV,NV
CG14.7.2,12.1,0.24,10,11.0,11.18,1.21,9.0,0.82,3.8,0.0,109,SA6,11.16,6,0,0,1.3,NV,NV,NV,NV,NV,NV,NV,NV,NV,NV
CG14.7.2,12.1,0.24,10,11.0,11.18,1.21,9.0,0.82,3.8,0.0,109,SA7,13.04,7,2,0,0.23,SA7_TA1,1.29,0,0,2.96,NV,NV,NV,NV
CG14.7.2,12.1,0.24,10,11.0,11.18,1.21,9.0,0.82,3.8,0.0,109,SA7,13.04,7,2,0,0.23,SA7_TA2,1.78,0,0,4.23,NV,NV,NV,NV
CG14.7.2,12.1,0.24,10,11.0,11.18,1.21,9.0,0.82,3.8,0.0,109,SA8,12.34,8,0,0,2.39,NV,NV,NV,NV,NV,NV,NV,NV,NV,NV
CG14.7.2,12.1,0.24,10,11.0,11.18,1.21,9.0,0.82,3.8,0.0,109,SA9,12.4,9,2,10,1.79,SA9_TA1,2.12,0,0,2.38,NV,NV,NV,NV
CG14.7.2,12.1,0.24,10,11.0,11.18,1.21,9.0,0.82,3.8,0.0,109,SA9,12.4,9,2,10,1.79,SA9_TA2,2.34,0,0,3.79,NV,NV,NV,NV
CG14.7.2,12.1,0.24,10,11.0,11.18,1.21,9.0,0.82,3.8,0.0,109,SA10,13.17,10,2,0,2.08,SA10_TA1,1.27,0,0,1.78,NV,NV,NV,NV
CG14.7.2,12.1,0.24,10,11.0,11.18,1.21,9.0,0.82,3.8,0.0,109,SA10,13.17,10,2,0,2.08,SA10_TA2,2.92,0,0,3.45,NV,NV,NV,NV
CG14.7.2,12.1,0.24,10,11.0,11.18,1.21,9.0,0.82,3.8,0.0,109,SA11,13.26,10,1,5,0.0,SA11_TA1,2.28,0,1,3.55,NV,NV,NV,NV

CG14.7.3,7.46,0.2,9,10.0,11.94,0.83,5.0,0.5,5.38,0.0,92,SA1,8.65,1,0,6,0,NV,NV,NV,NV,NV,NV,NV,NV,NV,NV
CG14.7.3,7.46,0.2,9,10.0,11.94,0.83,5.0,0.5,5.38,0.0,92,SA2,8.21,2,0,13,0.41,NV,NV,NV,NV,NV,NV,NV,NV,NV,NV
CG14.7.3,7.46,0.2,9,10.0,11.94,0.83,5.0,0.5,5.38,0.0,92,SA3,9.59,3,0,13,0.37,NV,NV,NV,NV,NV,NV,NV,NV,NV,NV
CG14.7.3,7.46,0.2,9,10.0,11.94,0.83,5.0,0.5,5.38,0.0,92,SA4,11.96,4,1,0,2.18,SA4_TA1,1.29,0,0,4.23,NV,NV,NV,NV
CG14.7.3,7.46,0.2,9,10.0,11.94,0.83,5.0,0.5,5.38,0.0,92,SA5,11.48,5,1,0,0.18,SA5_TA1,1.08,0,0,4.05,NV,NV,NV,NV
CG14.7.3,7.46,0.2,9,10.0,11.94,0.83,5.0,0.5,5.38,0.0,92,SA6,11.77,6,0,0,0.19,NV,NV,NV,NV,NV,NV,NV,NV,NV,NV
CG14.7.3,7.46,0.2,9,10.0,11.94,0.83,5.0,0.5,5.38,0.0,92,SA7,12.61,7,0,0,3.37,NV,NV,NV,NV,NV,NV,NV,NV,NV,NV
CG14.7.3,7.46,0.2,9,10.0,11.94,0.83,5.0,0.5,5.38,0.0,92,SA8,13.22,8,0,0,0.51,NV,NV,NV,NV,NV,NV,NV,NV,NV,NV
CG14.7.3,7.46,0.2,9,10.0,11.94,0.83,5.0,0.5,5.38,0.0,92,SA9,14.95,9,1,0,0.26,SA9_TA1,1.87,0,1,3.53,NV,NV,NV,NV
CG14.7.3,7.46,0.2,9,10.0,11.94,0.83,5.0,0.5,5.38,0.0,92,SA10,16.92,9,2,11,0.0,SA10_TA1,2.67,0,1,3.12,NV,NV,NV,NV
CG14.7.3,7.46,0.2,9,10.0,11.94,0.83,5.0,0.5,5.38,0.0,92,SA10,16.92,9,2,11,0.0,SA10_TA2,1.95,0,1,6.57,NV,NV,NV,NV

CG14.8.1,6.47,0.22,6,7.0,9.35,1.08,0.0,0.0,-0.0,0.0,51,SA1,6.24,1,0,0,0,NV,NV,NV,NV,NV,NV,NV,NV,NV,NV
CG14.8.1,6.47,0.22,6,7.0,9.35,1.08,0.0,0.0,-0.0,0.0,51,SA2,9.67,2,0,4,1.3,NV,NV,NV,NV,NV,NV,NV,NV,NV,NV
CG14.8.1,6.47,0.22,6,7.0,9.35,1.08,0.0,0.0,-0.0,0.0,51,SA3,7.86,3,0,6,1.31,NV,NV,NV,NV,NV,NV,NV,NV,NV,NV
CG14.8.1,6.47,0.22,6,7.0,9.35,1.08,0.0,0.0,-0.0,0.0,51,SA4,10.67,4,0,5,1.11,NV,NV,NV,NV,NV,NV,NV,NV,NV,NV
CG14.8.1,6.47,0.22,6,7.0,9.35,1.08,0.0,0.0,-0.0,0.0,51,SA5,10.18,5,0,6,1.32,NV,NV,NV,NV,NV,NV,NV,NV,NV,NV
CG14.8.1,6.47,0.22,6,7.0,9.35,1.08,0.0,0.0,-0.0,0.0,51,SA6,12.45,6,0,7,1.43,NV,NV,NV,NV,NV,NV,NV,NV,NV,NV
CG14.8.1,6.47,0.22,6,7.0,9.35,1.08,0.0,0.0,-0.0,0.0,51,SA7,8.37,6,0,8,0.0,NV,NV,NV,NV,NV,NV,NV,NV,NV,NV

CG14.8.2,16.47,0.24,11,12.0,9.96,1.5,1.0,0.08,9.223372036854776E16,0.0,86,SA1,7.84,1,0,0,0,NV,NV,NV,NV,NV,NV,NV,NV,NV,NV
CG14.8.2,16.47,0.24,11,12.0,9.96,1.5,1.0,0.08,9.223372036854776E16,0.0,86,SA2,9.3,2,0,0,0.34,NV,NV,NV,NV,NV,NV,NV,NV,NV,NV
CG14.8.2,16.47,0.24,11,12.0,9.96,1.5,1.0,0.08,9.223372036854776E16,0.0,86,SA3,9.15,3,0,4,3.3,NV,NV,NV,NV,NV,NV,NV,NV,NV,NV
CG14.8.2,16.47,0.24,11,12.0,9.96,1.5,1.0,0.08,9.223372036854776E16,0.0,86,SA4,9.23,4,0,1,0.3,NV,NV,NV,NV,NV,NV,NV,NV,NV,NV
CG14.8.2,16.47,0.24,11,12.0,9.96,1.5,1.0,0.08,9.223372036854776E16,0.0,86,SA5,10.74,5,0,3,0.81,NV,NV,NV,NV,NV,NV,NV,NV,NV,NV
CG14.8.2,16.47,0.24,11,12.0,9.96,1.5,1.0,0.08,9.223372036854776E16,0.0,86,SA6,11.14,6,0,4,1.64,NV,NV,NV,NV,NV,NV,NV,NV,NV,NV
CG14.8.2,16.47,0.24,11,12.0,9.96,1.5,1.0,0.08,9.223372036854776E16,0.0,86,SA7,8.45,7,1,3,2.37,SA7_TA1,1.56,0,1,1.75,NV,NV,NV,NV
CG14.8.2,16.47,0.24,11,12.0,9.96,1.5,1.0,0.08,9.223372036854776E16,0.0,86,SA8,11.22,8,0,1,1.97,NV,NV,NV,NV,NV,NV,NV,NV,NV,NV
CG14.8.2,16.47,0.24,11,12.0,9.96,1.5,1.0,0.08,9.223372036854776E16,0.0,86,SA9,11.35,9,0,1,0.87,NV,NV,NV,NV,NV,NV,NV,NV,NV,NV
CG14.8.2,16.47,0.24,11,12.0,9.96,1.5,1.0,0.08,9.223372036854776E16,0.0,86,SA10,9.81,10,0,0,2.78,NV,NV,NV,NV,NV,NV,NV,NV,NV,NV
CG14.8.2,16.47,0.24,11,12.0,9.96,1.5,1.0,0.08,9.223372036854776E16,0.0,86,SA11,11.35,11,0,2,2.1,NV,NV,NV,NV,NV,NV,NV,NV,NV,NV
CG14.8.2,16.47,0.24,11,12.0,9.96,1.5,1.0,0.08,9.223372036854776E16,0.0,86,SA12,9.94,11,0,3,0.0,NV,NV,NV,NV,NV,NV,NV,NV,NV,NV

CG14.8.3,16.17,0.32,10,11.0,9.57,1.62,9.0,0.82,3.5,0.0,104,SA1,5.94,1,0,1,0,NV,NV,NV,NV,NV,NV,NV,NV,NV,NV
CG14.8.3,16.17,0.32,10,11.0,9.57,1.62,9.0,0.82,3.5,0.0,104,SA2,8.9,2,0,0,2.51,NV,NV,NV,NV,NV,NV,NV,NV,NV,NV
CG14.8.3,16.17,0.32,10,11.0,9.57,1.62,9.0,0.82,3.5,0.0,104,SA3,9.86,3,1,0,0.32,SA3_TA1,1.99,0,0,2.58,NV,NV,NV,NV
CG14.8.3,16.17,0.32,10,11.0,9.57,1.62,9.0,0.82,3.5,0.0,104,SA4,8.79,4,1,7,0.42,SA4_TA1,1.83,0,0,2.98,NV,NV,NV,NV
CG14.8.3,16.17,0.32,10,11.0,9.57,1.62,9.0,0.82,3.5,0.0,104,SA5,11.67,5,2,8,2.72,SA5_TA1,1.5,0,0,2.41,NV,NV,NV,NV
CG14.8.3,16.17,0.32,10,11.0,9.57,1.62,9.0,0.82,3.5,0.0,104,SA5,11.67,5,2,8,2.72,SA5_TA2,2.24,0,0,3.6,NV,NV,NV,NV
CG14.8.3,16.17,0.32,10,11.0,9.57,1.62,9.0,0.82,3.5,0.0,104,SA6,8.48,6,2,1,0.66,SA6_TA1,1.92,0,0,3.96,NV,NV,NV,NV
CG14.8.3,16.17,0.32,10,11.0,9.57,1.62,9.0,0.82,3.5,0.0,104,SA6,8.48,6,2,1,0.66,SA6_TA2,1.96,0,0,5.35,NV,NV,NV,NV
CG14.8.3,16.17,0.32,10,11.0,9.57,1.62,9.0,0.82,3.5,0.0,104,SA7,11.74,7,2,0,3.0,SA7_TA1,2.21,0,0,1.54,NV,NV,NV,NV
CG14.8.3,16.17,0.32,10,11.0,9.57,1.62,9.0,0.82,3.5,0.0,104,SA7,11.74,7,2,0,3.0,SA7_TA2,1.82,0,2,3.29,NV,NV,NV,NV
CG14.8.3,16.17,0.32,10,11.0,9.57,1.62,9.0,0.82,3.5,0.0,104,SA8,10.61,8,0,3,2.14,NV,NV,NV,NV,NV,NV,NV,NV,NV,NV
CG14.8.3,16.17,0.32,10,11.0,9.57,1.62,9.0,0.82,3.5,0.0,104,SA9,9.17,9,0,4,2.09,NV,NV,NV,NV,NV,NV,NV,NV,NV,NV
CG14.8.3,16.17,0.32,10,11.0,9.57,1.62,9.0,0.82,3.5,0.0,104,SA10,10.43,10,1,8,2.32,SA10_TA1,2.53,0,0,2.32,NV,NV,NV,NV
CG14.8.3,16.17,0.32,10,11.0,9.57,1.62,9.0,0.82,3.5,0.0,104,SA11,9.71,10,0,2,0.0,NV,NV,NV,NV,NV,NV,NV,NV,NV,NV

CG14.9.1,14.94,0.46,11,13.0,12.63,1.25,7.0,0.54,5.54,0.0,122,SA1,5.85,1,0,3,0,NV,NV,NV,NV,NV,NV,NV,NV,NV,NV
CG14.9.1,14.94,0.46,11,13.0,12.63,1.25,7.0,0.54,5.54,0.0,122,SA2,8.81,2,0,2,2.45,NV,NV,NV,NV,NV,NV,NV,NV,NV,NV
CG14.9.1,14.94,0.46,11,13.0,12.63,1.25,7.0,0.54,5.54,0.0,122,SA3,9.96,3,0,1,2.0,NV,NV,NV,NV,NV,NV,NV,NV,NV,NV
CG14.9.1,14.94,0.46,11,13.0,12.63,1.25,7.0,0.54,5.54,0.0,122,SA4,11.42,3,0,5,0.0,NV,NV,NV,NV,NV,NV,NV,NV,NV,NV
CG14.9.1,14.94,0.46,11,13.0,12.63,1.25,7.0,0.54,5.54,0.0,122,SA5,13.3,4,0,7,0.85,NV,NV,NV,NV,NV,NV,NV,NV,NV,NV
CG14.9.1,14.94,0.46,11,13.0,12.63,1.25,7.0,0.54,5.54,0.0,122,SA6,12.47,5,1,9,2.01,SA6_TA1,0.91,0,0,4.08,NV,NV,NV,NV
CG14.9.1,14.94,0.46,11,13.0,12.63,1.25,7.0,0.54,5.54,0.0,122,SA7,13.47,6,1,6,0.25,SA7_TA1,0.84,0,0,4.6,NV,NV,NV,NV
CG14.9.1,14.94,0.46,11,13.0,12.63,1.25,7.0,0.54,5.54,0.0,122,SA8,14.29,7,0,8,1.19,NV,NV,NV,NV,NV,NV,NV,NV,NV,NV
CG14.9.1,14.94,0.46,11,13.0,12.63,1.25,7.0,0.54,5.54,0.0,122,SA9,15.66,8,0,10,2.43,NV,NV,NV,NV,NV,NV,NV,NV,NV,NV
CG14.9.1,14.94,0.46,11,13.0,12.63,1.25,7.0,0.54,5.54,0.0,122,SA10,11.99,9,0,7,0.45,NV,NV,NV,NV,NV,NV,NV,NV,NV,NV
CG14.9.1,14.94,0.46,11,13.0,12.63,1.25,7.0,0.54,5.54,0.0,122,SA11,17.08,10,4,0,2.62,SA11_TA1,1.26,0,0,1.76,NV,NV,NV,NV
CG14.9.1,14.94,0.46,11,13.0,12.63,1.25,7.0,0.54,5.54,0.0,122,SA11,17.08,10,4,0,2.62,SA11_TA2,1.47,0,0,3.21,NV,NV,NV,NV
CG14.9.1,14.94,0.46,11,13.0,12.63,1.25,7.0,0.54,5.54,0.0,122,SA11,17.08,10,4,0,2.62,SA11_TA3,1.68,0,0,6.47,NV,NV,NV,NV
CG14.9.1,14.94,0.46,11,13.0,12.63,1.25,7.0,0.54,5.54,0.0,122,SA11,17.08,10,4,0,2.62,SA11_TA4,2.51,0,3,8.98,NV,NV,NV,NV
CG14.9.1,14.94,0.46,11,13.0,12.63,1.25,7.0,0.54,5.54,0.0,122,SA12,15.84,11,1,10,0.7,SA12_TA1,2.3,0,0,4.17,NV,NV,NV,NV
CG14.9.1,14.94,0.46,11,13.0,12.63,1.25,7.0,0.54,5.54,0.0,122,SA13,14.01,11,0,6,0.0,NV,NV,NV,NV,NV,NV,NV,NV,NV,NV

CG14.9.2,12.09,0.3,10,11.0,13.76,1.21,2.0,0.18,13.18,0.0,111,SA1,10.76,1,0,0,0,NV,NV,NV,NV,NV,NV,NV,NV,NV,NV
CG14.9.2,12.09,0.3,10,11.0,13.76,1.21,2.0,0.18,13.18,0.0,111,SA2,13.41,2,0,8,2.59,NV,NV,NV,NV,NV,NV,NV,NV,NV,NV
CG14.9.2,12.09,0.3,10,11.0,13.76,1.21,2.0,0.18,13.18,0.0,111,SA3,14.46,3,1,2,0.29,SA3_TA1,1.33,0,0,7.03,NV,NV,NV,NV
CG14.9.2,12.09,0.3,10,11.0,13.76,1.21,2.0,0.18,13.18,0.0,111,SA4,6.54,4,0,11,0.25,NV,NV,NV,NV,NV,NV,NV,NV,NV,NV
CG14.9.2,12.09,0.3,10,11.0,13.76,1.21,2.0,0.18,13.18,0.0,111,SA5,16.77,5,0,0,1.21,NV,NV,NV,NV,NV,NV,NV,NV,NV,NV
CG14.9.2,12.09,0.3,10,11.0,13.76,1.21,2.0,0.18,13.18,0.0,111,SA6,13.73,6,0,4,2.59,NV,NV,NV,NV,NV,NV,NV,NV,NV,NV
CG14.9.2,12.09,0.3,10,11.0,13.76,1.21,2.0,0.18,13.18,0.0,111,SA7,13.68,7,0,6,0.87,NV,NV,NV,NV,NV,NV,NV,NV,NV,NV
CG14.9.2,12.09,0.3,10,11.0,13.76,1.21,2.0,0.18,13.18,0.0,111,SA8,16.37,8,0,6,0.27,NV,NV,NV,NV,NV,NV,NV,NV,NV,NV
CG14.9.2,12.09,0.3,10,11.0,13.76,1.21,2.0,0.18,13.18,0.0,111,SA9,16.04,9,1,0,3.53,SA9_TA1,1.7,0,0,6.15,NV,NV,NV,NV
CG14.9.2,12.09,0.3,10,11.0,13.76,1.21,2.0,0.18,13.18,0.0,111,SA10,14.3,10,0,0,0.49,NV,NV,NV,NV,NV,NV,NV,NV,NV,NV
CG14.9.2,12.09,0.3,10,11.0,13.76,1.21,2.0,0.18,13.18,0.0,111,SA11,15.26,10,0,0,0.0,NV,NV,NV,NV,NV,NV,NV,NV,NV,NV

CG14.9.3,9.36,0.34,8,9.0,13.76,1.17,5.0,0.56,6.02,0.0,88,SA1,10.96,1,0,0,0,NV,NV,NV,NV,NV,NV,NV,NV,NV,NV
CG14.9.3,9.36,0.34,8,9.0,13.76,1.17,5.0,0.56,6.02,0.0,88,SA2,12.07,2,0,0,2.59,NV,NV,NV,NV,NV,NV,NV,NV,NV,NV
CG14.9.3,9.36,0.34,8,9.0,13.76,1.17,5.0,0.56,6.02,0.0,88,SA3,13.85,3,0,7,0.41,NV,NV,NV,NV,NV,NV,NV,NV,NV,NV
CG14.9.3,9.36,0.34,8,9.0,13.76,1.17,5.0,0.56,6.02,0.0,88,SA4,15.67,4,0,8,0.35,NV,NV,NV,NV,NV,NV,NV,NV,NV,NV
CG14.9.3,9.36,0.34,8,9.0,13.76,1.17,5.0,0.56,6.02,0.0,88,SA5,14.68,5,2,0,2.77,SA5_TA1,1.08,0,4,4.5,NV,NV,NV,NV
CG14.9.3,9.36,0.34,8,9.0,13.76,1.17,5.0,0.56,6.02,0.0,88,SA5,14.68,5,2,0,2.77,SA5_TA2,1.14,0,0,6.28,NV,NV,NV,NV
CG14.9.3,9.36,0.34,8,9.0,13.76,1.17,5.0,0.56,6.02,0.0,88,SA6,11.65,6,0,6,0.34,NV,NV,NV,NV,NV,NV,NV,NV,NV,NV
CG14.9.3,9.36,0.34,8,9.0,13.76,1.17,5.0,0.56,6.02,0.0,88,SA7,14.86,7,1,0,2.5,SA7_TA1,1.65,0,3,5.65,NV,NV,NV,NV
CG14.9.3,9.36,0.34,8,9.0,13.76,1.17,5.0,0.56,6.02,0.0,88,SA8,16.31,8,0,0,0.41,NV,NV,NV,NV,NV,NV,NV,NV,NV,NV
CG14.9.3,9.36,0.34,8,9.0,13.76,1.17,5.0,0.56,6.02,0.0,88,SA9,13.78,8,2,7,0.0,SA9_TA1,1.73,0,0,2.88,NV,NV,NV,NV
CG14.9.3,9.36,0.34,8,9.0,13.76,1.17,5.0,0.56,6.02,0.0,88,SA9,13.78,8,2,7,0.0,SA9_TA2,1.67,0,2,4.78,NV,NV,NV,NV

